 ID,PARAM,Date,Flow,SYM
08LB047,1,2006/01/01,75,B
08LB047,1,2006/01/02,72,B
08LB047,1,2006/01/03,69,B
08LB047,1,2006/01/04,67,B
08LB047,1,2006/01/05,66,B
08LB047,1,2006/01/06,65,B
08LB047,1,2006/01/07,64.5,B
08LB047,1,2006/01/08,64,B
08LB047,1,2006/01/09,63.5,B
08LB047,1,2006/01/10,63,B
08LB047,1,2006/01/11,63,B
08LB047,1,2006/01/12,62.5,B
08LB047,1,2006/01/13,62,B
08LB047,1,2006/01/14,62,B
08LB047,1,2006/01/15,61,B
08LB047,1,2006/01/16,60,B
08LB047,1,2006/01/17,59,B
08LB047,1,2006/01/18,58.5,B
08LB047,1,2006/01/19,58,B
08LB047,1,2006/01/20,58,B
08LB047,1,2006/01/21,57,B
08LB047,1,2006/01/22,56.5,B
08LB047,1,2006/01/23,56,B
08LB047,1,2006/01/24,56,B
08LB047,1,2006/01/25,55.8,B
08LB047,1,2006/01/26,55.9,B
08LB047,1,2006/01/27,56,B
08LB047,1,2006/01/28,56,B
08LB047,1,2006/01/29,56.2,B
08LB047,1,2006/01/30,56,B
08LB047,1,2006/01/31,55.9,B
08LB047,1,2006/02/01,56,B
08LB047,1,2006/02/02,55.8,B
08LB047,1,2006/02/03,55.7,B
08LB047,1,2006/02/04,55.5,B
08LB047,1,2006/02/05,55,B
08LB047,1,2006/02/06,54.5,B
08LB047,1,2006/02/07,54,B
08LB047,1,2006/02/08,53,B
08LB047,1,2006/02/09,52.2,
08LB047,1,2006/02/10,47.6,
08LB047,1,2006/02/11,43.5,
08LB047,1,2006/02/12,42.4,
08LB047,1,2006/02/13,41,B
08LB047,1,2006/02/14,40,B
08LB047,1,2006/02/15,39,B
08LB047,1,2006/02/16,37,B
08LB047,1,2006/02/17,36,B
08LB047,1,2006/02/18,35,B
08LB047,1,2006/02/19,36,B
08LB047,1,2006/02/20,37,B
08LB047,1,2006/02/21,36.5,B
08LB047,1,2006/02/22,36,B
08LB047,1,2006/02/23,35.8,B
08LB047,1,2006/02/24,36,B
08LB047,1,2006/02/25,36.5,B
08LB047,1,2006/02/26,37,B
08LB047,1,2006/02/27,39,B
08LB047,1,2006/02/28,41,B
08LB047,1,2006/03/01,42,B
08LB047,1,2006/03/02,41.8,B
08LB047,1,2006/03/03,41,B
08LB047,1,2006/03/04,40.5,B
08LB047,1,2006/03/05,40.1,B
08LB047,1,2006/03/06,40,B
08LB047,1,2006/03/07,40,B
08LB047,1,2006/03/08,39.5,B
08LB047,1,2006/03/09,39,B
08LB047,1,2006/03/10,38,B
08LB047,1,2006/03/11,37,B
08LB047,1,2006/03/12,36.5,B
08LB047,1,2006/03/13,36,B
08LB047,1,2006/03/14,36.5,B
08LB047,1,2006/03/15,37,B
08LB047,1,2006/03/16,37,B
08LB047,1,2006/03/17,37.2,B
08LB047,1,2006/03/18,37.5,B
08LB047,1,2006/03/19,37.6,
08LB047,1,2006/03/20,38.7,
08LB047,1,2006/03/21,41.3,
08LB047,1,2006/03/22,41.9,
08LB047,1,2006/03/23,42.5,
08LB047,1,2006/03/24,42.8,
08LB047,1,2006/03/25,43.6,
08LB047,1,2006/03/26,45.9,
08LB047,1,2006/03/27,46.5,
08LB047,1,2006/03/28,43.8,
08LB047,1,2006/03/29,44.3,
08LB047,1,2006/03/30,45.3,
08LB047,1,2006/03/31,45.9,
08LB047,1,2006/04/01,49.5,
08LB047,1,2006/04/02,53.3,
08LB047,1,2006/04/03,54.9,
08LB047,1,2006/04/04,54.8,
08LB047,1,2006/04/05,58,
08LB047,1,2006/04/06,65.6,
08LB047,1,2006/04/07,78.1,
08LB047,1,2006/04/08,89.2,
08LB047,1,2006/04/09,111,
08LB047,1,2006/04/10,122,
08LB047,1,2006/04/11,130,
08LB047,1,2006/04/12,132,
08LB047,1,2006/04/13,132,
08LB047,1,2006/04/14,132,
08LB047,1,2006/04/15,129,
08LB047,1,2006/04/16,130,
08LB047,1,2006/04/17,111,
08LB047,1,2006/04/18,99.3,
08LB047,1,2006/04/19,92.3,
08LB047,1,2006/04/20,87.5,
08LB047,1,2006/04/21,93.8,
08LB047,1,2006/04/22,144,
08LB047,1,2006/04/23,168,
08LB047,1,2006/04/24,153,
08LB047,1,2006/04/25,149,
08LB047,1,2006/04/26,160,
08LB047,1,2006/04/27,179,
08LB047,1,2006/04/28,181,
08LB047,1,2006/04/29,193,
08LB047,1,2006/04/30,256,
08LB047,1,2006/05/01,288,
08LB047,1,2006/05/02,251,
08LB047,1,2006/05/03,211,
08LB047,1,2006/05/04,189,
08LB047,1,2006/05/05,187,
08LB047,1,2006/05/06,212,
08LB047,1,2006/05/07,246,
08LB047,1,2006/05/08,248,
08LB047,1,2006/05/09,230,
08LB047,1,2006/05/10,201,
08LB047,1,2006/05/11,185,
08LB047,1,2006/05/12,190,
08LB047,1,2006/05/13,211,
08LB047,1,2006/05/14,193,
08LB047,1,2006/05/15,187,
08LB047,1,2006/05/16,230,
08LB047,1,2006/05/17,370,
08LB047,1,2006/05/18,580,
08LB047,1,2006/05/19,678,
08LB047,1,2006/05/20,694,
08LB047,1,2006/05/21,690,
08LB047,1,2006/05/22,720,
08LB047,1,2006/05/23,716,
08LB047,1,2006/05/24,747,
08LB047,1,2006/05/25,695,
08LB047,1,2006/05/26,591,
08LB047,1,2006/05/27,497,
08LB047,1,2006/05/28,438,
08LB047,1,2006/05/29,411,
08LB047,1,2006/05/30,415,
08LB047,1,2006/05/31,422,
08LB047,1,2006/06/01,425,
08LB047,1,2006/06/02,505,
08LB047,1,2006/06/03,662,
08LB047,1,2006/06/04,658,
08LB047,1,2006/06/05,517,
08LB047,1,2006/06/06,470,
08LB047,1,2006/06/07,411,
08LB047,1,2006/06/08,392,
08LB047,1,2006/06/09,442,
08LB047,1,2006/06/10,649,
08LB047,1,2006/06/11,617,
08LB047,1,2006/06/12,528,
08LB047,1,2006/06/13,401,
08LB047,1,2006/06/14,412,
08LB047,1,2006/06/15,548,
08LB047,1,2006/06/16,503,
08LB047,1,2006/06/17,481,
08LB047,1,2006/06/18,466,
08LB047,1,2006/06/19,418,
08LB047,1,2006/06/20,381,
08LB047,1,2006/06/21,330,
08LB047,1,2006/06/22,299,
08LB047,1,2006/06/23,301,
08LB047,1,2006/06/24,305,
08LB047,1,2006/06/25,310,
08LB047,1,2006/06/26,308,
08LB047,1,2006/06/27,315,
08LB047,1,2006/06/28,317,
08LB047,1,2006/06/29,320,
08LB047,1,2006/06/30,328,
08LB047,1,2006/07/01,332,
08LB047,1,2006/07/02,313,
08LB047,1,2006/07/03,313,
08LB047,1,2006/07/04,315,
08LB047,1,2006/07/05,323,
08LB047,1,2006/07/06,327,
08LB047,1,2006/07/07,322,
08LB047,1,2006/07/08,318,
08LB047,1,2006/07/09,314,
08LB047,1,2006/07/10,435,
08LB047,1,2006/07/11,416,
08LB047,1,2006/07/12,409,
08LB047,1,2006/07/13,391,
08LB047,1,2006/07/14,373,
08LB047,1,2006/07/15,299,
08LB047,1,2006/07/16,274,
08LB047,1,2006/07/17,267,
08LB047,1,2006/07/18,256,
08LB047,1,2006/07/19,202,
08LB047,1,2006/07/20,194,
08LB047,1,2006/07/21,201,
08LB047,1,2006/07/22,241,
08LB047,1,2006/07/23,273,
08LB047,1,2006/07/24,282,
08LB047,1,2006/07/25,296,
08LB047,1,2006/07/26,290,
08LB047,1,2006/07/27,281,
08LB047,1,2006/07/28,243,
08LB047,1,2006/07/29,238,
08LB047,1,2006/07/30,226,
08LB047,1,2006/07/31,213,
08LB047,1,2006/08/01,195,
08LB047,1,2006/08/02,191,
08LB047,1,2006/08/03,176,
08LB047,1,2006/08/04,165,
08LB047,1,2006/08/05,167,
08LB047,1,2006/08/06,165,
08LB047,1,2006/08/07,165,
08LB047,1,2006/08/08,166,
08LB047,1,2006/08/09,174,
08LB047,1,2006/08/10,188,
08LB047,1,2006/08/11,195,
08LB047,1,2006/08/12,196,
08LB047,1,2006/08/13,187,
08LB047,1,2006/08/14,155,
08LB047,1,2006/08/15,153,
08LB047,1,2006/08/16,158,
08LB047,1,2006/08/17,143,
08LB047,1,2006/08/18,148,
08LB047,1,2006/08/19,148,
08LB047,1,2006/08/20,153,
08LB047,1,2006/08/21,149,
08LB047,1,2006/08/22,149,
08LB047,1,2006/08/23,151,
08LB047,1,2006/08/24,151,
08LB047,1,2006/08/25,150,
08LB047,1,2006/08/26,132,
08LB047,1,2006/08/27,129,
08LB047,1,2006/08/28,123,
08LB047,1,2006/08/29,125,
08LB047,1,2006/08/30,129,
08LB047,1,2006/08/31,134,
08LB047,1,2006/09/01,116,
08LB047,1,2006/09/02,96.1,
08LB047,1,2006/09/03,106,
08LB047,1,2006/09/04,119,
08LB047,1,2006/09/05,131,
08LB047,1,2006/09/06,143,
08LB047,1,2006/09/07,144,
08LB047,1,2006/09/08,142,
08LB047,1,2006/09/09,135,
08LB047,1,2006/09/10,141,
08LB047,1,2006/09/11,135,
08LB047,1,2006/09/12,150,
08LB047,1,2006/09/13,124,
08LB047,1,2006/09/14,109,
08LB047,1,2006/09/15,91.1,
08LB047,1,2006/09/16,78.8,
08LB047,1,2006/09/17,68.1,
08LB047,1,2006/09/18,64.8,
08LB047,1,2006/09/19,68.1,
08LB047,1,2006/09/20,69.4,
08LB047,1,2006/09/21,70.1,
08LB047,1,2006/09/22,73.1,
08LB047,1,2006/09/23,68.1,
08LB047,1,2006/09/24,62.1,
08LB047,1,2006/09/25,59.9,
08LB047,1,2006/09/26,62.9,
08LB047,1,2006/09/27,72.2,
08LB047,1,2006/09/28,75.8,
08LB047,1,2006/09/29,83.2,
08LB047,1,2006/09/30,83.7,
08LB047,1,2006/10/01,84.4,
08LB047,1,2006/10/02,70.4,
08LB047,1,2006/10/03,62.2,
08LB047,1,2006/10/04,58,
08LB047,1,2006/10/05,54.4,
08LB047,1,2006/10/06,51.8,
08LB047,1,2006/10/07,52.2,
08LB047,1,2006/10/08,51.2,
08LB047,1,2006/10/09,47.4,
08LB047,1,2006/10/10,44.2,
08LB047,1,2006/10/11,43.8,
08LB047,1,2006/10/12,43.5,
08LB047,1,2006/10/13,43.4,
08LB047,1,2006/10/14,43,
08LB047,1,2006/10/15,46.8,
08LB047,1,2006/10/16,47.2,
08LB047,1,2006/10/17,48.2,
08LB047,1,2006/10/18,48.6,
08LB047,1,2006/10/19,43.8,
08LB047,1,2006/10/20,41.4,
08LB047,1,2006/10/21,41.8,
08LB047,1,2006/10/22,41.6,
08LB047,1,2006/10/23,40.8,
08LB047,1,2006/10/24,40.8,
08LB047,1,2006/10/25,39,B
08LB047,1,2006/10/26,39.5,B
08LB047,1,2006/10/27,40,B
08LB047,1,2006/10/28,41,B
08LB047,1,2006/10/29,42,B
08LB047,1,2006/10/30,41,B
08LB047,1,2006/10/31,39,B
08LB047,1,2006/11/01,39.3,B
08LB047,1,2006/11/02,39.5,B
08LB047,1,2006/11/03,39.8,B
08LB047,1,2006/11/04,40.2,
08LB047,1,2006/11/05,52,
08LB047,1,2006/11/06,62,
08LB047,1,2006/11/07,82.2,
08LB047,1,2006/11/08,99.8,
08LB047,1,2006/11/09,88.9,
08LB047,1,2006/11/10,73.7,
08LB047,1,2006/11/11,65.1,
08LB047,1,2006/11/12,62.6,
08LB047,1,2006/11/13,62,
08LB047,1,2006/11/14,62.2,
08LB047,1,2006/11/15,61,
08LB047,1,2006/11/16,60.4,
08LB047,1,2006/11/17,58,
08LB047,1,2006/11/18,55,
08LB047,1,2006/11/19,55,
08LB047,1,2006/11/20,54.2,
08LB047,1,2006/11/21,53.4,
08LB047,1,2006/11/22,51.8,
08LB047,1,2006/11/23,50.2,
08LB047,1,2006/11/24,50.8,
08LB047,1,2006/11/25,49,B
08LB047,1,2006/11/26,44,B
08LB047,1,2006/11/27,36,B
08LB047,1,2006/11/28,34,B
08LB047,1,2006/11/29,33,B
08LB047,1,2006/11/30,34,B
08LB047,1,2006/12/01,36,B
08LB047,1,2006/12/02,37,B
08LB047,1,2006/12/03,38,B
08LB047,1,2006/12/04,40,B
08LB047,1,2006/12/05,40.5,B
08LB047,1,2006/12/06,42,B
08LB047,1,2006/12/07,43,B
08LB047,1,2006/12/08,43.5,B
08LB047,1,2006/12/09,44,B
08LB047,1,2006/12/10,45,B
08LB047,1,2006/12/11,46,B
08LB047,1,2006/12/12,45.9,B
08LB047,1,2006/12/13,45.7,B
08LB047,1,2006/12/14,45.5,B
08LB047,1,2006/12/15,45,B
08LB047,1,2006/12/16,45.5,B
08LB047,1,2006/12/17,45,B
08LB047,1,2006/12/18,44,B
08LB047,1,2006/12/19,43,B
08LB047,1,2006/12/20,42,B
08LB047,1,2006/12/21,42,B
08LB047,1,2006/12/22,41.8,B
08LB047,1,2006/12/23,41.5,B
08LB047,1,2006/12/24,41,B
08LB047,1,2006/12/25,39,B
08LB047,1,2006/12/26,38,B
08LB047,1,2006/12/27,37.5,B
08LB047,1,2006/12/28,37,B
08LB047,1,2006/12/29,36,B
08LB047,1,2006/12/30,35.7,B
08LB047,1,2006/12/31,35,B
08LB047,1,2007/01/01,36,B
08LB047,1,2007/01/02,36.5,B
08LB047,1,2007/01/03,37.5,B
08LB047,1,2007/01/04,38,B
08LB047,1,2007/01/05,39,B
08LB047,1,2007/01/06,38.5,B
08LB047,1,2007/01/07,38,B
08LB047,1,2007/01/08,37,B
08LB047,1,2007/01/09,36,B
08LB047,1,2007/01/10,35.5,B
08LB047,1,2007/01/11,35,B
08LB047,1,2007/01/12,33,B
08LB047,1,2007/01/13,32,B
08LB047,1,2007/01/14,31,B
08LB047,1,2007/01/15,31.3,B
08LB047,1,2007/01/16,31.5,B
08LB047,1,2007/01/17,32,B
08LB047,1,2007/01/18,32.5,B
08LB047,1,2007/01/19,33,B
08LB047,1,2007/01/20,33.5,B
08LB047,1,2007/01/21,34,B
08LB047,1,2007/01/22,34.3,B
08LB047,1,2007/01/23,34.5,B
08LB047,1,2007/01/24,34.7,B
08LB047,1,2007/01/25,35,B
08LB047,1,2007/01/26,35.2,B
08LB047,1,2007/01/27,35.5,B
08LB047,1,2007/01/28,35.3,B
08LB047,1,2007/01/29,35,B
08LB047,1,2007/01/30,34.5,B
08LB047,1,2007/01/31,34,B
08LB047,1,2007/02/01,33.8,B
08LB047,1,2007/02/02,33.5,B
08LB047,1,2007/02/03,33,B
08LB047,1,2007/02/04,32.5,B
08LB047,1,2007/02/05,32.2,B
08LB047,1,2007/02/06,32.5,B
08LB047,1,2007/02/07,32.7,B
08LB047,1,2007/02/08,33,B
08LB047,1,2007/02/09,33.6,B
08LB047,1,2007/02/10,33.8,B
08LB047,1,2007/02/11,33.9,B
08LB047,1,2007/02/12,34,B
08LB047,1,2007/02/13,34,B
08LB047,1,2007/02/14,34,B
08LB047,1,2007/02/15,34.1,B
08LB047,1,2007/02/16,34,B
08LB047,1,2007/02/17,33.8,B
08LB047,1,2007/02/18,33.5,B
08LB047,1,2007/02/19,33.5,B
08LB047,1,2007/02/20,33.3,B
08LB047,1,2007/02/21,33,B
08LB047,1,2007/02/22,33,B
08LB047,1,2007/02/23,32.7,B
08LB047,1,2007/02/24,32.5,B
08LB047,1,2007/02/25,33.3,B
08LB047,1,2007/02/26,32.1,B
08LB047,1,2007/02/27,32,B
08LB047,1,2007/02/28,32,B
08LB047,1,2007/03/01,32.2,B
08LB047,1,2007/03/02,32.3,B
08LB047,1,2007/03/03,32.4,B
08LB047,1,2007/03/04,32.5,B
08LB047,1,2007/03/05,32.3,B
08LB047,1,2007/03/06,33,B
08LB047,1,2007/03/07,33.5,B
08LB047,1,2007/03/08,34,B
08LB047,1,2007/03/09,36,B
08LB047,1,2007/03/10,37,B
08LB047,1,2007/03/11,38,B
08LB047,1,2007/03/12,41,B
08LB047,1,2007/03/13,47,B
08LB047,1,2007/03/14,52,B
08LB047,1,2007/03/15,60,B
08LB047,1,2007/03/16,63,B
08LB047,1,2007/03/17,66,B
08LB047,1,2007/03/18,67.1,
08LB047,1,2007/03/19,64.4,
08LB047,1,2007/03/20,69.5,
08LB047,1,2007/03/21,77.9,
08LB047,1,2007/03/22,78.4,
08LB047,1,2007/03/23,72.6,
08LB047,1,2007/03/24,71.9,
08LB047,1,2007/03/25,75.2,
08LB047,1,2007/03/26,90.8,
08LB047,1,2007/03/27,92.4,
08LB047,1,2007/03/28,80.5,
08LB047,1,2007/03/29,72.1,
08LB047,1,2007/03/30,70.2,
08LB047,1,2007/03/31,68.4,
08LB047,1,2007/04/01,71.9,
08LB047,1,2007/04/02,72.6,
08LB047,1,2007/04/03,66.2,
08LB047,1,2007/04/04,59.4,
08LB047,1,2007/04/05,84.4,
08LB047,1,2007/04/06,83.2,
08LB047,1,2007/04/07,78.6,
08LB047,1,2007/04/08,82.2,
08LB047,1,2007/04/09,85.8,
08LB047,1,2007/04/10,243,
08LB047,1,2007/04/11,245,
08LB047,1,2007/04/12,185,
08LB047,1,2007/04/13,160,
08LB047,1,2007/04/14,142,
08LB047,1,2007/04/15,137,
08LB047,1,2007/04/16,133,
08LB047,1,2007/04/17,123,
08LB047,1,2007/04/18,120,
08LB047,1,2007/04/19,118,
08LB047,1,2007/04/20,116,
08LB047,1,2007/04/21,115,
08LB047,1,2007/04/22,107,
08LB047,1,2007/04/23,112,
08LB047,1,2007/04/24,122,
08LB047,1,2007/04/25,144,
08LB047,1,2007/04/26,196,
08LB047,1,2007/04/27,195,
08LB047,1,2007/04/28,150,
08LB047,1,2007/04/29,165,
08LB047,1,2007/04/30,165,
08LB047,1,2007/05/01,147,
08LB047,1,2007/05/02,128,
08LB047,1,2007/05/03,145,
08LB047,1,2007/05/04,177,
08LB047,1,2007/05/05,171,
08LB047,1,2007/05/06,163,
08LB047,1,2007/05/07,131,
08LB047,1,2007/05/08,225,
08LB047,1,2007/05/09,289,
08LB047,1,2007/05/10,330,
08LB047,1,2007/05/11,294,
08LB047,1,2007/05/12,292,
08LB047,1,2007/05/13,307,
08LB047,1,2007/05/14,294,
08LB047,1,2007/05/15,292,
08LB047,1,2007/05/16,326,
08LB047,1,2007/05/17,360,
08LB047,1,2007/05/18,421,
08LB047,1,2007/05/19,432,
08LB047,1,2007/05/20,507,
08LB047,1,2007/05/21,444,
08LB047,1,2007/05/22,379,
08LB047,1,2007/05/23,338,
08LB047,1,2007/05/24,336,
08LB047,1,2007/05/25,331,
08LB047,1,2007/05/26,332,
08LB047,1,2007/05/27,364,
08LB047,1,2007/05/28,421,
08LB047,1,2007/05/29,423,
08LB047,1,2007/05/30,418,
08LB047,1,2007/05/31,468,
08LB047,1,2007/06/01,594,
08LB047,1,2007/06/02,684,
08LB047,1,2007/06/03,758,
08LB047,1,2007/06/04,810,
08LB047,1,2007/06/05,796,
08LB047,1,2007/06/06,843,
08LB047,1,2007/06/07,807,
08LB047,1,2007/06/08,765,
08LB047,1,2007/06/09,676,
08LB047,1,2007/06/10,629,
08LB047,1,2007/06/11,620,
08LB047,1,2007/06/12,554,
08LB047,1,2007/06/13,449,
08LB047,1,2007/06/14,413,
08LB047,1,2007/06/15,364,
08LB047,1,2007/06/16,370,
08LB047,1,2007/06/17,377,
08LB047,1,2007/06/18,402,
08LB047,1,2007/06/19,433,
08LB047,1,2007/06/20,412,
08LB047,1,2007/06/21,419,
08LB047,1,2007/06/22,440,
08LB047,1,2007/06/23,439,
08LB047,1,2007/06/24,414,
08LB047,1,2007/06/25,380,
08LB047,1,2007/06/26,337,
08LB047,1,2007/06/27,290,
08LB047,1,2007/06/28,288,
08LB047,1,2007/06/29,359,
08LB047,1,2007/06/30,411,
08LB047,1,2007/07/01,432,
08LB047,1,2007/07/02,384,
08LB047,1,2007/07/03,344,
08LB047,1,2007/07/04,361,
08LB047,1,2007/07/05,382,
08LB047,1,2007/07/06,475,
08LB047,1,2007/07/07,498,
08LB047,1,2007/07/08,442,
08LB047,1,2007/07/09,380,
08LB047,1,2007/07/10,328,
08LB047,1,2007/07/11,353,
08LB047,1,2007/07/12,377,
08LB047,1,2007/07/13,392,
08LB047,1,2007/07/14,416,
08LB047,1,2007/07/15,430,
08LB047,1,2007/07/16,448,
08LB047,1,2007/07/17,426,
08LB047,1,2007/07/18,383,
08LB047,1,2007/07/19,391,
08LB047,1,2007/07/20,435,
08LB047,1,2007/07/21,422,
08LB047,1,2007/07/22,391,
08LB047,1,2007/07/23,416,
08LB047,1,2007/07/24,405,
08LB047,1,2007/07/25,429,
08LB047,1,2007/07/26,320,
08LB047,1,2007/07/27,270,
08LB047,1,2007/07/28,266,
08LB047,1,2007/07/29,270,
08LB047,1,2007/07/30,276,
08LB047,1,2007/07/31,242,
08LB047,1,2007/08/01,205,
08LB047,1,2007/08/02,201,
08LB047,1,2007/08/03,195,
08LB047,1,2007/08/04,199,
08LB047,1,2007/08/05,192,
08LB047,1,2007/08/06,173,
08LB047,1,2007/08/07,185,
08LB047,1,2007/08/08,188,
08LB047,1,2007/08/09,183,
08LB047,1,2007/08/10,178,
08LB047,1,2007/08/11,153,
08LB047,1,2007/08/12,137,
08LB047,1,2007/08/13,128,
08LB047,1,2007/08/14,143,
08LB047,1,2007/08/15,122,
08LB047,1,2007/08/16,119,
08LB047,1,2007/08/17,119,
08LB047,1,2007/08/18,173,
08LB047,1,2007/08/19,148,
08LB047,1,2007/08/20,134,
08LB047,1,2007/08/21,127,
08LB047,1,2007/08/22,126,
08LB047,1,2007/08/23,105,
08LB047,1,2007/08/24,110,
08LB047,1,2007/08/25,103,
08LB047,1,2007/08/26,130,
08LB047,1,2007/08/27,128,
08LB047,1,2007/08/28,115,
08LB047,1,2007/08/29,91.2,
08LB047,1,2007/08/30,87.3,
08LB047,1,2007/08/31,102,
08LB047,1,2007/09/01,139,
08LB047,1,2007/09/02,201,
08LB047,1,2007/09/03,202,
08LB047,1,2007/09/04,155,
08LB047,1,2007/09/05,136,
08LB047,1,2007/09/06,121,
08LB047,1,2007/09/07,124,
08LB047,1,2007/09/08,105,
08LB047,1,2007/09/09,88.9,
08LB047,1,2007/09/10,80.5,
08LB047,1,2007/09/11,79.6,
08LB047,1,2007/09/12,105,
08LB047,1,2007/09/13,99.2,
08LB047,1,2007/09/14,94.4,
08LB047,1,2007/09/15,88.6,
08LB047,1,2007/09/16,83.6,
08LB047,1,2007/09/17,82,
08LB047,1,2007/09/18,70.6,
08LB047,1,2007/09/19,61.6,
08LB047,1,2007/09/20,60.2,
08LB047,1,2007/09/21,58,
08LB047,1,2007/09/22,59.2,
08LB047,1,2007/09/23,67.1,
08LB047,1,2007/09/24,51.8,
08LB047,1,2007/09/25,79.6,
08LB047,1,2007/09/26,74.6,
08LB047,1,2007/09/27,65.3,
08LB047,1,2007/09/28,93,E
08LB047,1,2007/09/29,128,
08LB047,1,2007/09/30,98.8,
08LB047,1,2007/10/01,111,
08LB047,1,2007/10/02,115,
08LB047,1,2007/10/03,124,
08LB047,1,2007/10/04,103,
08LB047,1,2007/10/05,93.4,
08LB047,1,2007/10/06,77.2,
08LB047,1,2007/10/07,76.9,
08LB047,1,2007/10/08,86.8,
08LB047,1,2007/10/09,116,
08LB047,1,2007/10/10,99.2,
08LB047,1,2007/10/11,147,
08LB047,1,2007/10/12,132,
08LB047,1,2007/10/13,125,
08LB047,1,2007/10/14,104,
08LB047,1,2007/10/15,94.4,
08LB047,1,2007/10/16,116,
08LB047,1,2007/10/17,132,
08LB047,1,2007/10/18,127,
08LB047,1,2007/10/19,111,
08LB047,1,2007/10/20,103,
08LB047,1,2007/10/21,111,
08LB047,1,2007/10/22,99.2,
08LB047,1,2007/10/23,107,
08LB047,1,2007/10/24,140,E
08LB047,1,2007/10/25,298,
08LB047,1,2007/10/26,264,
08LB047,1,2007/10/27,185,
08LB047,1,2007/10/28,150,
08LB047,1,2007/10/29,144,
08LB047,1,2007/10/30,160,
08LB047,1,2007/10/31,121,
08LB047,1,2007/11/01,103,
08LB047,1,2007/11/02,109,
08LB047,1,2007/11/03,107,
08LB047,1,2007/11/04,104,
08LB047,1,2007/11/05,111,
08LB047,1,2007/11/06,104,
08LB047,1,2007/11/07,93.1,
08LB047,1,2007/11/08,92.1,
08LB047,1,2007/11/09,90.2,
08LB047,1,2007/11/10,104,
08LB047,1,2007/11/11,110,
08LB047,1,2007/11/12,102,
08LB047,1,2007/11/13,97.9,
08LB047,1,2007/11/14,109,
08LB047,1,2007/11/15,89.6,
08LB047,1,2007/11/16,88.6,
08LB047,1,2007/11/17,86.5,
08LB047,1,2007/11/18,83.4,
08LB047,1,2007/11/19,81,
08LB047,1,2007/11/20,83.6,
08LB047,1,2007/11/21,64.2,
08LB047,1,2007/11/22,57.2,
08LB047,1,2007/11/23,57,
08LB047,1,2007/11/24,56.8,
08LB047,1,2007/11/25,55,B
08LB047,1,2007/11/26,53,B
08LB047,1,2007/11/27,52,B
08LB047,1,2007/11/28,51,B
08LB047,1,2007/11/29,49,B
08LB047,1,2007/11/30,48,B
08LB047,1,2007/12/01,47,B
08LB047,1,2007/12/02,44,B
08LB047,1,2007/12/03,44.5,B
08LB047,1,2007/12/04,45,B
08LB047,1,2007/12/05,46,B
08LB047,1,2007/12/06,47,B
08LB047,1,2007/12/07,48,B
08LB047,1,2007/12/08,47,B
08LB047,1,2007/12/09,46.5,B
08LB047,1,2007/12/10,46,B
08LB047,1,2007/12/11,45,B
08LB047,1,2007/12/12,44.5,B
08LB047,1,2007/12/13,44.5,B
08LB047,1,2007/12/14,44.7,B
08LB047,1,2007/12/15,45,B
08LB047,1,2007/12/16,45,B
08LB047,1,2007/12/17,44.5,B
08LB047,1,2007/12/18,45,B
08LB047,1,2007/12/19,45,B
08LB047,1,2007/12/20,44.5,B
08LB047,1,2007/12/21,44,B
08LB047,1,2007/12/22,42,B
08LB047,1,2007/12/23,41,B
08LB047,1,2007/12/24,41,B
08LB047,1,2007/12/25,40.5,B
08LB047,1,2007/12/26,40,B
08LB047,1,2007/12/27,40.2,B
08LB047,1,2007/12/28,40.1,B
08LB047,1,2007/12/29,40,B
08LB047,1,2007/12/30,39.9,B
08LB047,1,2007/12/31,39.7,B
08LB047,1,2008/01/01,40.5,B
08LB047,1,2008/01/02,44,B
08LB047,1,2008/01/03,47,B
08LB047,1,2008/01/04,48,B
08LB047,1,2008/01/05,47.5,B
08LB047,1,2008/01/06,47,B
08LB047,1,2008/01/07,46,B
08LB047,1,2008/01/08,46,B
08LB047,1,2008/01/09,45,B
08LB047,1,2008/01/10,44,B
08LB047,1,2008/01/11,44,B
08LB047,1,2008/01/12,44,B
08LB047,1,2008/01/13,43.5,B
08LB047,1,2008/01/14,43,B
08LB047,1,2008/01/15,42,B
08LB047,1,2008/01/16,41,B
08LB047,1,2008/01/17,40,B
08LB047,1,2008/01/18,38,B
08LB047,1,2008/01/19,36,B
08LB047,1,2008/01/20,35,B
08LB047,1,2008/01/21,34,B
08LB047,1,2008/01/22,32,B
08LB047,1,2008/01/23,31,B
08LB047,1,2008/01/24,30.5,B
08LB047,1,2008/01/25,30,B
08LB047,1,2008/01/26,30.5,B
08LB047,1,2008/01/27,30.5,B
08LB047,1,2008/01/28,31,B
08LB047,1,2008/01/29,31,B
08LB047,1,2008/01/30,31.3,B
08LB047,1,2008/01/31,31.5,B
08LB047,1,2008/02/01,32,B
08LB047,1,2008/02/02,34,B
08LB047,1,2008/02/03,35,B
08LB047,1,2008/02/04,35.5,B
08LB047,1,2008/02/05,36,B
08LB047,1,2008/02/06,36.5,B
08LB047,1,2008/02/07,37,B
08LB047,1,2008/02/08,37.5,B
08LB047,1,2008/02/09,38,B
08LB047,1,2008/02/10,38.5,B
08LB047,1,2008/02/11,39,B
08LB047,1,2008/02/12,39.5,B
08LB047,1,2008/02/13,39.8,B
08LB047,1,2008/02/14,40,B
08LB047,1,2008/02/15,40,B
08LB047,1,2008/02/16,39.5,B
08LB047,1,2008/02/17,39,B
08LB047,1,2008/02/18,38.5,B
08LB047,1,2008/02/19,38,B
08LB047,1,2008/02/20,38,B
08LB047,1,2008/02/21,37.8,B
08LB047,1,2008/02/22,37.5,B
08LB047,1,2008/02/23,37,B
08LB047,1,2008/02/24,37,B
08LB047,1,2008/02/25,36.5,B
08LB047,1,2008/02/26,36.5,B
08LB047,1,2008/02/27,37,B
08LB047,1,2008/02/28,37,B
08LB047,1,2008/02/29,36.5,B
08LB047,1,2008/03/01,36.2,B
08LB047,1,2008/03/02,36.5,B
08LB047,1,2008/03/03,37,B
08LB047,1,2008/03/04,37.5,B
08LB047,1,2008/03/05,37.8,B
08LB047,1,2008/03/06,38,B
08LB047,1,2008/03/07,38,B
08LB047,1,2008/03/08,38.2,B
08LB047,1,2008/03/09,38,B
08LB047,1,2008/03/10,38,B
08LB047,1,2008/03/11,37.8,B
08LB047,1,2008/03/12,38,B
08LB047,1,2008/03/13,38,B
08LB047,1,2008/03/14,38.2,B
08LB047,1,2008/03/15,38.2,B
08LB047,1,2008/03/16,38,B
08LB047,1,2008/03/17,38.2,B
08LB047,1,2008/03/18,38.3,B
08LB047,1,2008/03/19,38.5,B
08LB047,1,2008/03/20,38.5,B
08LB047,1,2008/03/21,39,A
08LB047,1,2008/03/22,39.6,A
08LB047,1,2008/03/23,39.2,A
08LB047,1,2008/03/24,38.2,A
08LB047,1,2008/03/25,37.6,A
08LB047,1,2008/03/26,36.4,A
08LB047,1,2008/03/27,35,A
08LB047,1,2008/03/28,35.3,A
08LB047,1,2008/03/29,33.2,A
08LB047,1,2008/03/30,32.6,A
08LB047,1,2008/03/31,33.7,A
08LB047,1,2008/04/01,31.8,A
08LB047,1,2008/04/02,32.9,A
08LB047,1,2008/04/03,35.8,A
08LB047,1,2008/04/04,35,A
08LB047,1,2008/04/05,35,A
08LB047,1,2008/04/06,34.7,A
08LB047,1,2008/04/07,36.8,A
08LB047,1,2008/04/08,37.1,A
08LB047,1,2008/04/09,38.2,A
08LB047,1,2008/04/10,36.9,A
08LB047,1,2008/04/11,39.3,A
08LB047,1,2008/04/12,40.3,A
08LB047,1,2008/04/13,41.1,A
08LB047,1,2008/04/14,57.7,A
08LB047,1,2008/04/15,69.8,A
08LB047,1,2008/04/16,68.7,A
08LB047,1,2008/04/17,64.6,A
08LB047,1,2008/04/18,64.3,
08LB047,1,2008/04/19,63.5,
08LB047,1,2008/04/20,58.8,
08LB047,1,2008/04/21,54.8,
08LB047,1,2008/04/22,53.3,
08LB047,1,2008/04/23,51.5,
08LB047,1,2008/04/24,50.7,
08LB047,1,2008/04/25,50.3,
08LB047,1,2008/04/26,49.7,
08LB047,1,2008/04/27,50.6,
08LB047,1,2008/04/28,53.9,
08LB047,1,2008/04/29,65.9,
08LB047,1,2008/04/30,78.7,
08LB047,1,2008/05/01,80,
08LB047,1,2008/05/02,77.2,
08LB047,1,2008/05/03,79.8,
08LB047,1,2008/05/04,89.4,
08LB047,1,2008/05/05,107,
08LB047,1,2008/05/06,129,
08LB047,1,2008/05/07,150,
08LB047,1,2008/05/08,137,A
08LB047,1,2008/05/09,146,A
08LB047,1,2008/05/10,133,A
08LB047,1,2008/05/11,140,A
08LB047,1,2008/05/12,164,A
08LB047,1,2008/05/13,191,A
08LB047,1,2008/05/14,201,A
08LB047,1,2008/05/15,201,A
08LB047,1,2008/05/16,244,A
08LB047,1,2008/05/17,365,A
08LB047,1,2008/05/18,491,A
08LB047,1,2008/05/19,639,A
08LB047,1,2008/05/20,634,A
08LB047,1,2008/05/21,659,A
08LB047,1,2008/05/22,597,
08LB047,1,2008/05/23,507,
08LB047,1,2008/05/24,519,
08LB047,1,2008/05/25,571,
08LB047,1,2008/05/26,607,
08LB047,1,2008/05/27,572,
08LB047,1,2008/05/28,537,
08LB047,1,2008/05/29,561,
08LB047,1,2008/05/30,592,
08LB047,1,2008/05/31,563,
08LB047,1,2008/06/01,547,
08LB047,1,2008/06/02,590,
08LB047,1,2008/06/03,594,
08LB047,1,2008/06/04,552,
08LB047,1,2008/06/05,521,
08LB047,1,2008/06/06,525,
08LB047,1,2008/06/07,496,
08LB047,1,2008/06/08,453,
08LB047,1,2008/06/09,418,
08LB047,1,2008/06/10,382,
08LB047,1,2008/06/11,360,
08LB047,1,2008/06/12,367,
08LB047,1,2008/06/13,406,
08LB047,1,2008/06/14,430,
08LB047,1,2008/06/15,375,
08LB047,1,2008/06/16,348,
08LB047,1,2008/06/17,360,
08LB047,1,2008/06/18,372,
08LB047,1,2008/06/19,367,
08LB047,1,2008/06/20,343,
08LB047,1,2008/06/21,347,
08LB047,1,2008/06/22,403,
08LB047,1,2008/06/23,470,
08LB047,1,2008/06/24,460,
08LB047,1,2008/06/25,433,
08LB047,1,2008/06/26,412,
08LB047,1,2008/06/27,383,
08LB047,1,2008/06/28,363,
08LB047,1,2008/06/29,427,
08LB047,1,2008/06/30,540,
08LB047,1,2008/07/01,609,
08LB047,1,2008/07/02,591,
08LB047,1,2008/07/03,562,
08LB047,1,2008/07/04,570,
08LB047,1,2008/07/05,551,
08LB047,1,2008/07/06,487,
08LB047,1,2008/07/07,466,
08LB047,1,2008/07/08,419,
08LB047,1,2008/07/09,369,
08LB047,1,2008/07/10,377,
08LB047,1,2008/07/11,364,
08LB047,1,2008/07/12,300,
08LB047,1,2008/07/13,273,
08LB047,1,2008/07/14,288,
08LB047,1,2008/07/15,299,
08LB047,1,2008/07/16,287,
08LB047,1,2008/07/17,271,
08LB047,1,2008/07/18,282,
08LB047,1,2008/07/19,305,
08LB047,1,2008/07/20,272,
08LB047,1,2008/07/21,283,
08LB047,1,2008/07/22,313,
08LB047,1,2008/07/23,308,
08LB047,1,2008/07/24,282,
08LB047,1,2008/07/25,261,
08LB047,1,2008/07/26,261,
08LB047,1,2008/07/27,276,
08LB047,1,2008/07/28,299,
08LB047,1,2008/07/29,286,
08LB047,1,2008/07/30,272,
08LB047,1,2008/07/31,313,
08LB047,1,2008/08/01,263,
08LB047,1,2008/08/02,275,
08LB047,1,2008/08/03,244,
08LB047,1,2008/08/04,220,
08LB047,1,2008/08/05,207,
08LB047,1,2008/08/06,208,
08LB047,1,2008/08/07,220,
08LB047,1,2008/08/08,239,
08LB047,1,2008/08/09,250,
08LB047,1,2008/08/10,255,
08LB047,1,2008/08/11,286,
08LB047,1,2008/08/12,287,
08LB047,1,2008/08/13,233,
08LB047,1,2008/08/14,217,
08LB047,1,2008/08/15,226,
08LB047,1,2008/08/16,253,
08LB047,1,2008/08/17,271,
08LB047,1,2008/08/18,280,
08LB047,1,2008/08/19,299,
08LB047,1,2008/08/20,364,
08LB047,1,2008/08/21,381,
08LB047,1,2008/08/22,319,
08LB047,1,2008/08/23,257,
08LB047,1,2008/08/24,219,
08LB047,1,2008/08/25,241,
08LB047,1,2008/08/26,302,
08LB047,1,2008/08/27,235,
08LB047,1,2008/08/28,211,
08LB047,1,2008/08/29,239,
08LB047,1,2008/08/30,289,
08LB047,1,2008/08/31,276,
08LB047,1,2008/09/01,216,
08LB047,1,2008/09/02,180,
08LB047,1,2008/09/03,160,
08LB047,1,2008/09/04,150,
08LB047,1,2008/09/05,141,
08LB047,1,2008/09/06,138,
08LB047,1,2008/09/07,137,
08LB047,1,2008/09/08,132,
08LB047,1,2008/09/09,130,
08LB047,1,2008/09/10,131,
08LB047,1,2008/09/11,127,
08LB047,1,2008/09/12,119,
08LB047,1,2008/09/13,133,
08LB047,1,2008/09/14,130,
08LB047,1,2008/09/15,118,
08LB047,1,2008/09/16,113,
08LB047,1,2008/09/17,118,
08LB047,1,2008/09/18,121,
08LB047,1,2008/09/19,124,
08LB047,1,2008/09/20,129,
08LB047,1,2008/09/21,111,A
08LB047,1,2008/09/22,111,A
08LB047,1,2008/09/23,113,A
08LB047,1,2008/09/24,95.1,A
08LB047,1,2008/09/25,89.9,A
08LB047,1,2008/09/26,88.6,A
08LB047,1,2008/09/27,93.8,A
08LB047,1,2008/09/28,87.3,A
08LB047,1,2008/09/29,88,A
08LB047,1,2008/09/30,80,A
08LB047,1,2008/10/01,78.4,A
08LB047,1,2008/10/02,77.9,A
08LB047,1,2008/10/03,82.7,A
08LB047,1,2008/10/04,127,A
08LB047,1,2008/10/05,131,A
08LB047,1,2008/10/06,145,A
08LB047,1,2008/10/07,125,A
08LB047,1,2008/10/08,125,A
08LB047,1,2008/10/09,114,A
08LB047,1,2008/10/10,99.2,A
08LB047,1,2008/10/11,87.5,A
08LB047,1,2008/10/12,82.4,A
08LB047,1,2008/10/13,80.5,A
08LB047,1,2008/10/14,87,A
08LB047,1,2008/10/15,101,A
08LB047,1,2008/10/16,90.9,A
08LB047,1,2008/10/17,98.4,A
08LB047,1,2008/10/18,109,A
08LB047,1,2008/10/19,105,A
08LB047,1,2008/10/20,101,A
08LB047,1,2008/10/21,98.2,A
08LB047,1,2008/10/22,91.2,A
08LB047,1,2008/10/23,99.2,A
08LB047,1,2008/10/24,84.1,A
08LB047,1,2008/10/25,82.7,A
08LB047,1,2008/10/26,77.9,A
08LB047,1,2008/10/27,72.3,A
08LB047,1,2008/10/28,71.6,A
08LB047,1,2008/10/29,71.2,A
08LB047,1,2008/10/30,68.7,A
08LB047,1,2008/10/31,74.2,A
08LB047,1,2008/11/01,94.5,A
08LB047,1,2008/11/02,141,A
08LB047,1,2008/11/03,158,A
08LB047,1,2008/11/04,158,A
08LB047,1,2008/11/05,133,A
08LB047,1,2008/11/06,116,A
08LB047,1,2008/11/07,105,A
08LB047,1,2008/11/08,100,A
08LB047,1,2008/11/09,116,A
08LB047,1,2008/11/10,120,A
08LB047,1,2008/11/11,119,A
08LB047,1,2008/11/12,120,A
08LB047,1,2008/11/13,121,A
08LB047,1,2008/11/14,113,A
08LB047,1,2008/11/15,102,A
08LB047,1,2008/11/16,101,A
08LB047,1,2008/11/17,100,A
08LB047,1,2008/11/18,99.5,A
08LB047,1,2008/11/19,90.8,
08LB047,1,2008/11/20,83,
08LB047,1,2008/11/21,77.3,
08LB047,1,2008/11/22,80.1,
08LB047,1,2008/11/23,78.6,
08LB047,1,2008/11/24,73.8,
08LB047,1,2008/11/25,73.2,
08LB047,1,2008/11/26,71.6,
08LB047,1,2008/11/27,67.6,
08LB047,1,2008/11/28,61.9,
08LB047,1,2008/11/29,61.8,
08LB047,1,2008/11/30,62.4,
08LB047,1,2008/12/01,61.8,
08LB047,1,2008/12/02,63.7,
08LB047,1,2008/12/03,62.9,
08LB047,1,2008/12/04,52.7,
08LB047,1,2008/12/05,47.9,
08LB047,1,2008/12/06,52.2,
08LB047,1,2008/12/07,57,
08LB047,1,2008/12/08,61.8,
08LB047,1,2008/12/09,61.9,
08LB047,1,2008/12/10,58.1,
08LB047,1,2008/12/11,60,
08LB047,1,2008/12/12,54.4,
08LB047,1,2008/12/13,50.1,
08LB047,1,2008/12/14,32,
08LB047,1,2008/12/15,29.6,
08LB047,1,2008/12/16,27,B
08LB047,1,2008/12/17,26,B
08LB047,1,2008/12/18,25.5,B
08LB047,1,2008/12/19,25.3,B
08LB047,1,2008/12/20,24.5,B
08LB047,1,2008/12/21,24,B
08LB047,1,2008/12/22,23.8,B
08LB047,1,2008/12/23,23.5,B
08LB047,1,2008/12/24,23.7,B
08LB047,1,2008/12/25,24,B
08LB047,1,2008/12/26,24.2,B
08LB047,1,2008/12/27,24.3,B
08LB047,1,2008/12/28,24.3,B
08LB047,1,2008/12/29,24.4,B
08LB047,1,2008/12/30,24.4,B
08LB047,1,2008/12/31,24.5,B
08LB047,1,2009/01/01,24,B
08LB047,1,2009/01/02,24.2,B
08LB047,1,2009/01/03,24.8,B
08LB047,1,2009/01/04,25,B
08LB047,1,2009/01/05,24.8,B
08LB047,1,2009/01/06,24.5,B
08LB047,1,2009/01/07,24,B
08LB047,1,2009/01/08,23.5,B
08LB047,1,2009/01/09,23,B
08LB047,1,2009/01/10,22.5,B
08LB047,1,2009/01/11,22.6,B
08LB047,1,2009/01/12,22.8,B
08LB047,1,2009/01/13,23.2,B
08LB047,1,2009/01/14,24,B
08LB047,1,2009/01/15,24.5,B
08LB047,1,2009/01/16,25,B
08LB047,1,2009/01/17,26,B
08LB047,1,2009/01/18,26,B
08LB047,1,2009/01/19,25.5,B
08LB047,1,2009/01/20,25,B
08LB047,1,2009/01/21,24.5,B
08LB047,1,2009/01/22,23.5,B
08LB047,1,2009/01/23,22.5,B
08LB047,1,2009/01/24,22,B
08LB047,1,2009/01/25,21,B
08LB047,1,2009/01/26,20.5,B
08LB047,1,2009/01/27,20,B
08LB047,1,2009/01/28,20.5,B
08LB047,1,2009/01/29,21,B
08LB047,1,2009/01/30,21.3,B
08LB047,1,2009/01/31,21.5,B
08LB047,1,2009/02/01,21.7,B
08LB047,1,2009/02/02,21.9,B
08LB047,1,2009/02/03,22,B
08LB047,1,2009/02/04,22.6,B
08LB047,1,2009/02/05,23,B
08LB047,1,2009/02/06,23.3,B
08LB047,1,2009/02/07,23.8,B
08LB047,1,2009/02/08,24,B
08LB047,1,2009/02/09,24.5,B
08LB047,1,2009/02/10,25,B
08LB047,1,2009/02/11,25.8,B
08LB047,1,2009/02/12,26.2,B
08LB047,1,2009/02/13,27,B
08LB047,1,2009/02/14,27.2,B
08LB047,1,2009/02/15,27.5,B
08LB047,1,2009/02/16,27.7,B
08LB047,1,2009/02/17,27.9,B
08LB047,1,2009/02/18,28,B
08LB047,1,2009/02/19,27.8,B
08LB047,1,2009/02/20,27.5,B
08LB047,1,2009/02/21,27.7,B
08LB047,1,2009/02/22,27.7,B
08LB047,1,2009/02/23,27.6,B
08LB047,1,2009/02/24,27.5,B
08LB047,1,2009/02/25,27.3,B
08LB047,1,2009/02/26,27,B
08LB047,1,2009/02/27,26.5,B
08LB047,1,2009/02/28,26,B
08LB047,1,2009/03/01,27,B
08LB047,1,2009/03/02,28.5,B
08LB047,1,2009/03/03,29,B
08LB047,1,2009/03/04,29.2,B
08LB047,1,2009/03/05,29.3,B
08LB047,1,2009/03/06,29.3,B
08LB047,1,2009/03/07,29.2,B
08LB047,1,2009/03/08,29,B
08LB047,1,2009/03/09,28.8,B
08LB047,1,2009/03/10,28.5,B
08LB047,1,2009/03/11,28,B
08LB047,1,2009/03/12,28,B
08LB047,1,2009/03/13,28.2,B
08LB047,1,2009/03/14,28.4,B
08LB047,1,2009/03/15,28.5,B
08LB047,1,2009/03/16,28.8,B
08LB047,1,2009/03/17,29,B
08LB047,1,2009/03/18,29.5,B
08LB047,1,2009/03/19,30,B
08LB047,1,2009/03/20,30.2,B
08LB047,1,2009/03/21,30.3,B
08LB047,1,2009/03/22,30.5,B
08LB047,1,2009/03/23,30.2,B
08LB047,1,2009/03/24,30.5,B
08LB047,1,2009/03/25,31,B
08LB047,1,2009/03/26,31,B
08LB047,1,2009/03/27,31.3,B
08LB047,1,2009/03/28,32,B
08LB047,1,2009/03/29,32,B
08LB047,1,2009/03/30,32.3,B
08LB047,1,2009/03/31,33,B
08LB047,1,2009/04/01,33.5,B
08LB047,1,2009/04/02,33.8,B
08LB047,1,2009/04/03,34,B
08LB047,1,2009/04/04,35,B
08LB047,1,2009/04/05,43,B
08LB047,1,2009/04/06,48.4,
08LB047,1,2009/04/07,49.8,
08LB047,1,2009/04/08,53.9,
08LB047,1,2009/04/09,59.3,
08LB047,1,2009/04/10,66.4,
08LB047,1,2009/04/11,73.7,
08LB047,1,2009/04/12,78.3,
08LB047,1,2009/04/13,79,
08LB047,1,2009/04/14,75.5,
08LB047,1,2009/04/15,71.3,
08LB047,1,2009/04/16,69.7,
08LB047,1,2009/04/17,71,
08LB047,1,2009/04/18,81.6,
08LB047,1,2009/04/19,87.3,
08LB047,1,2009/04/20,87.6,
08LB047,1,2009/04/21,106,
08LB047,1,2009/04/22,133,
08LB047,1,2009/04/23,141,
08LB047,1,2009/04/24,125,
08LB047,1,2009/04/25,111,
08LB047,1,2009/04/26,103,
08LB047,1,2009/04/27,96.9,
08LB047,1,2009/04/28,92.6,
08LB047,1,2009/04/29,90.5,
08LB047,1,2009/04/30,89.4,
08LB047,1,2009/05/01,91.5,
08LB047,1,2009/05/02,98.8,
08LB047,1,2009/05/03,118,
08LB047,1,2009/05/04,149,
08LB047,1,2009/05/05,164,
08LB047,1,2009/05/06,169,
08LB047,1,2009/05/07,160,
08LB047,1,2009/05/08,144,
08LB047,1,2009/05/09,146,
08LB047,1,2009/05/10,150,
08LB047,1,2009/05/11,164,
08LB047,1,2009/05/12,190,
08LB047,1,2009/05/13,197,
08LB047,1,2009/05/14,188,A
08LB047,1,2009/05/15,171,
08LB047,1,2009/05/16,163,
08LB047,1,2009/05/17,174,
08LB047,1,2009/05/18,225,
08LB047,1,2009/05/19,305,
08LB047,1,2009/05/20,344,
08LB047,1,2009/05/21,278,A
08LB047,1,2009/05/22,230,
08LB047,1,2009/05/23,226,
08LB047,1,2009/05/24,258,
08LB047,1,2009/05/25,309,
08LB047,1,2009/05/26,359,
08LB047,1,2009/05/27,418,
08LB047,1,2009/05/28,395,A
08LB047,1,2009/05/29,365,
08LB047,1,2009/05/30,424,
08LB047,1,2009/05/31,495,
08LB047,1,2009/06/01,461,
08LB047,1,2009/06/02,420,
08LB047,1,2009/06/03,417,A
08LB047,1,2009/06/04,446,A
08LB047,1,2009/06/05,510,
08LB047,1,2009/06/06,562,
08LB047,1,2009/06/07,505,
08LB047,1,2009/06/08,418,
08LB047,1,2009/06/09,378,
08LB047,1,2009/06/10,375,
08LB047,1,2009/06/11,396,A
08LB047,1,2009/06/12,438,
08LB047,1,2009/06/13,472,
08LB047,1,2009/06/14,493,
08LB047,1,2009/06/15,518,
08LB047,1,2009/06/16,554,A
08LB047,1,2009/06/17,536,A
08LB047,1,2009/06/18,531,A
08LB047,1,2009/06/19,479,
08LB047,1,2009/06/20,457,
08LB047,1,2009/06/21,450,
08LB047,1,2009/06/22,388,
08LB047,1,2009/06/23,356,
08LB047,1,2009/06/24,326,
08LB047,1,2009/06/25,348,
08LB047,1,2009/06/26,450,
08LB047,1,2009/06/27,394,
08LB047,1,2009/06/28,322,
08LB047,1,2009/06/29,313,
08LB047,1,2009/06/30,281,
08LB047,1,2009/07/01,248,
08LB047,1,2009/07/02,227,
08LB047,1,2009/07/03,226,
08LB047,1,2009/07/04,244,
08LB047,1,2009/07/05,263,
08LB047,1,2009/07/06,296,
08LB047,1,2009/07/07,353,
08LB047,1,2009/07/08,346,
08LB047,1,2009/07/09,335,
08LB047,1,2009/07/10,309,
08LB047,1,2009/07/11,289,
08LB047,1,2009/07/12,291,
08LB047,1,2009/07/13,337,
08LB047,1,2009/07/14,351,
08LB047,1,2009/07/15,332,
08LB047,1,2009/07/16,300,
08LB047,1,2009/07/17,307,
08LB047,1,2009/07/18,325,
08LB047,1,2009/07/19,311,
08LB047,1,2009/07/20,291,
08LB047,1,2009/07/21,255,
08LB047,1,2009/07/22,254,
08LB047,1,2009/07/23,276,
08LB047,1,2009/07/24,295,
08LB047,1,2009/07/25,298,
08LB047,1,2009/07/26,318,
08LB047,1,2009/07/27,349,
08LB047,1,2009/07/28,357,
08LB047,1,2009/07/29,352,A
08LB047,1,2009/07/30,336,A
08LB047,1,2009/07/31,324,
08LB047,1,2009/08/01,322,
08LB047,1,2009/08/02,317,
08LB047,1,2009/08/03,312,
08LB047,1,2009/08/04,310,
08LB047,1,2009/08/05,289,
08LB047,1,2009/08/06,267,
08LB047,1,2009/08/07,243,
08LB047,1,2009/08/08,235,
08LB047,1,2009/08/09,239,
08LB047,1,2009/08/10,256,
08LB047,1,2009/08/11,264,
08LB047,1,2009/08/12,277,
08LB047,1,2009/08/13,246,
08LB047,1,2009/08/14,209,
08LB047,1,2009/08/15,187,
08LB047,1,2009/08/16,179,
08LB047,1,2009/08/17,169,
08LB047,1,2009/08/18,171,
08LB047,1,2009/08/19,196,
08LB047,1,2009/08/20,220,
08LB047,1,2009/08/21,247,
08LB047,1,2009/08/22,265,
08LB047,1,2009/08/23,242,
08LB047,1,2009/08/24,208,
08LB047,1,2009/08/25,182,
08LB047,1,2009/08/26,175,
08LB047,1,2009/08/27,172,
08LB047,1,2009/08/28,171,
08LB047,1,2009/08/29,175,
08LB047,1,2009/08/30,197,
08LB047,1,2009/08/31,215,
08LB047,1,2009/09/01,226,
08LB047,1,2009/09/02,242,
08LB047,1,2009/09/03,258,
08LB047,1,2009/09/04,259,
08LB047,1,2009/09/05,197,
08LB047,1,2009/09/06,143,
08LB047,1,2009/09/07,159,
08LB047,1,2009/09/08,153,
08LB047,1,2009/09/09,139,
08LB047,1,2009/09/10,107,A
08LB047,1,2009/09/11,136,A
08LB047,1,2009/09/12,111,A
08LB047,1,2009/09/13,97.4,A
08LB047,1,2009/09/14,103,A
08LB047,1,2009/09/15,109,A
08LB047,1,2009/09/16,124,A
08LB047,1,2009/09/17,129,A
08LB047,1,2009/09/18,164,A
08LB047,1,2009/09/19,162,A
08LB047,1,2009/09/20,161,A
08LB047,1,2009/09/21,167,A
08LB047,1,2009/09/22,116,A
08LB047,1,2009/09/23,101,A
08LB047,1,2009/09/24,116,A
08LB047,1,2009/09/25,114,A
08LB047,1,2009/09/26,109,A
08LB047,1,2009/09/27,94,A
08LB047,1,2009/09/28,88,A
08LB047,1,2009/09/29,77.9,A
08LB047,1,2009/09/30,72.1,A
08LB047,1,2009/10/01,69.3,A
08LB047,1,2009/10/02,64.9,A
08LB047,1,2009/10/03,64.7,A
08LB047,1,2009/10/04,65.1,A
08LB047,1,2009/10/05,61.8,A
08LB047,1,2009/10/06,60.7,A
08LB047,1,2009/10/07,57.9,A
08LB047,1,2009/10/08,56,A
08LB047,1,2009/10/09,53.9,A
08LB047,1,2009/10/10,52.8,A
08LB047,1,2009/10/11,46.8,A
08LB047,1,2009/10/12,44.9,A
08LB047,1,2009/10/13,45.4,A
08LB047,1,2009/10/14,47,A
08LB047,1,2009/10/15,46.8,A
08LB047,1,2009/10/16,46.8,A
08LB047,1,2009/10/17,47.3,A
08LB047,1,2009/10/18,55,A
08LB047,1,2009/10/19,76.4,A
08LB047,1,2009/10/20,68.9,A
08LB047,1,2009/10/21,62.2,A
08LB047,1,2009/10/22,63.7,A
08LB047,1,2009/10/23,60.3,A
08LB047,1,2009/10/24,65.8,A
08LB047,1,2009/10/25,61.5,A
08LB047,1,2009/10/26,59.9,A
08LB047,1,2009/10/27,58.6,A
08LB047,1,2009/10/28,55.6,A
08LB047,1,2009/10/29,65.1,A
08LB047,1,2009/10/30,72.9,A
08LB047,1,2009/10/31,76.2,A
08LB047,1,2009/11/01,96.1,A
08LB047,1,2009/11/02,95.1,A
08LB047,1,2009/11/03,83.2,A
08LB047,1,2009/11/04,67,A
08LB047,1,2009/11/05,62.4,A
08LB047,1,2009/11/06,59.4,A
08LB047,1,2009/11/07,56.9,A
08LB047,1,2009/11/08,59.9,A
08LB047,1,2009/11/09,59.4,A
08LB047,1,2009/11/10,57.7,A
08LB047,1,2009/11/11,57.5,A
08LB047,1,2009/11/12,57.5,A
08LB047,1,2009/11/13,57.1,A
08LB047,1,2009/11/14,54.2,A
08LB047,1,2009/11/15,52.8,A
08LB047,1,2009/11/16,51,A
08LB047,1,2009/11/17,52.8,A
08LB047,1,2009/11/18,61.2,A
08LB047,1,2009/11/19,61.8,
08LB047,1,2009/11/20,60.8,
08LB047,1,2009/11/21,59.9,
08LB047,1,2009/11/22,60.3,
08LB047,1,2009/11/23,57.7,
08LB047,1,2009/11/24,55.8,
08LB047,1,2009/11/25,54.1,
08LB047,1,2009/11/26,57.4,
08LB047,1,2009/11/27,65.2,
08LB047,1,2009/11/28,63.9,
08LB047,1,2009/11/29,59.9,
08LB047,1,2009/11/30,59,
08LB047,1,2009/12/01,61.3,
08LB047,1,2009/12/02,54.3,
08LB047,1,2009/12/03,43.1,
08LB047,1,2009/12/04,43,B
08LB047,1,2009/12/05,42,B
08LB047,1,2009/12/06,40,B
08LB047,1,2009/12/07,40,B
08LB047,1,2009/12/08,36,B
08LB047,1,2009/12/09,34.5,B
08LB047,1,2009/12/10,34,B
08LB047,1,2009/12/11,33.5,B
08LB047,1,2009/12/12,33,B
08LB047,1,2009/12/13,32.8,B
08LB047,1,2009/12/14,32.5,B
08LB047,1,2009/12/15,32,B
08LB047,1,2009/12/16,31.7,B
08LB047,1,2009/12/17,31.6,B
08LB047,1,2009/12/18,31.5,B
08LB047,1,2009/12/19,32,B
08LB047,1,2009/12/20,33,B
08LB047,1,2009/12/21,33.5,B
08LB047,1,2009/12/22,33.8,B
08LB047,1,2009/12/23,34,B
08LB047,1,2009/12/24,33.5,B
08LB047,1,2009/12/25,32.5,B
08LB047,1,2009/12/26,31,B
08LB047,1,2009/12/27,30.5,B
08LB047,1,2009/12/28,30,B
08LB047,1,2009/12/29,30,B
08LB047,1,2009/12/30,29.5,B
08LB047,1,2009/12/31,29,B
08LB047,1,2010/01/01,29.5,B
08LB047,1,2010/01/02,30,B
08LB047,1,2010/01/03,30.2,B
08LB047,1,2010/01/04,29.5,B
08LB047,1,2010/01/05,28,B
08LB047,1,2010/01/06,27.5,B
08LB047,1,2010/01/07,28,B
08LB047,1,2010/01/08,29,B
08LB047,1,2010/01/09,29.5,B
08LB047,1,2010/01/10,30,B
08LB047,1,2010/01/11,30,B
08LB047,1,2010/01/12,30.2,B
08LB047,1,2010/01/13,31,B
08LB047,1,2010/01/14,32,B
08LB047,1,2010/01/15,33,B
08LB047,1,2010/01/16,33.5,B
08LB047,1,2010/01/17,34,B
08LB047,1,2010/01/18,34.5,B
08LB047,1,2010/01/19,35,B
08LB047,1,2010/01/20,35.5,B
08LB047,1,2010/01/21,36,B
08LB047,1,2010/01/22,35,B
08LB047,1,2010/01/23,34.5,B
08LB047,1,2010/01/24,34.5,B
08LB047,1,2010/01/25,35,B
08LB047,1,2010/01/26,35.5,B
08LB047,1,2010/01/27,35,B
08LB047,1,2010/01/28,34.5,B
08LB047,1,2010/01/29,34.2,B
08LB047,1,2010/01/30,34.1,B
08LB047,1,2010/01/31,34,B
08LB047,1,2010/02/01,33.8,B
08LB047,1,2010/02/02,33.5,B
08LB047,1,2010/02/03,33,B
08LB047,1,2010/02/04,33.2,B
08LB047,1,2010/02/05,33.3,B
08LB047,1,2010/02/06,33.5,B
08LB047,1,2010/02/07,33.3,B
08LB047,1,2010/02/08,33,B
08LB047,1,2010/02/09,33.2,B
08LB047,1,2010/02/10,33.5,B
08LB047,1,2010/02/11,34,B
08LB047,1,2010/02/12,34.5,B
08LB047,1,2010/02/13,35,B
08LB047,1,2010/02/14,37,B
08LB047,1,2010/02/15,37.5,B
08LB047,1,2010/02/16,38,B
08LB047,1,2010/02/17,38.3,B
08LB047,1,2010/02/18,38.8,B
08LB047,1,2010/02/19,38,B
08LB047,1,2010/02/20,37.6,A
08LB047,1,2010/02/21,36.6,A
08LB047,1,2010/02/22,34.2,A
08LB047,1,2010/02/23,32.8,A
08LB047,1,2010/02/24,32.9,A
08LB047,1,2010/02/25,34.7,A
08LB047,1,2010/02/26,34.8,A
08LB047,1,2010/02/27,35.2,A
08LB047,1,2010/02/28,36.1,A
08LB047,1,2010/03/01,37.6,A
08LB047,1,2010/03/02,39.5,A
08LB047,1,2010/03/03,39.6,A
08LB047,1,2010/03/04,39.8,A
08LB047,1,2010/03/05,40.4,A
08LB047,1,2010/03/06,40.3,A
08LB047,1,2010/03/07,41.6,A
08LB047,1,2010/03/08,40.4,A
08LB047,1,2010/03/09,38.4,A
08LB047,1,2010/03/10,40.1,A
08LB047,1,2010/03/11,37.7,A
08LB047,1,2010/03/12,38.7,A
08LB047,1,2010/03/13,39.6,A
08LB047,1,2010/03/14,38.2,A
08LB047,1,2010/03/15,38,A
08LB047,1,2010/03/16,37.9,A
08LB047,1,2010/03/17,37.1,A
08LB047,1,2010/03/18,36.9,A
08LB047,1,2010/03/19,44.8,A
08LB047,1,2010/03/20,44.8,A
08LB047,1,2010/03/21,43.5,A
08LB047,1,2010/03/22,45.4,A
08LB047,1,2010/03/23,45.2,A
08LB047,1,2010/03/24,45.4,A
08LB047,1,2010/03/25,45.6,A
08LB047,1,2010/03/26,53.2,A
08LB047,1,2010/03/27,53.4,A
08LB047,1,2010/03/28,56.9,A
08LB047,1,2010/03/29,59.2,A
08LB047,1,2010/03/30,60.5,A
08LB047,1,2010/03/31,62.4,A
08LB047,1,2010/04/01,60.7,A
08LB047,1,2010/04/02,61.2,A
08LB047,1,2010/04/03,62.4,A
08LB047,1,2010/04/04,48.8,A
08LB047,1,2010/04/05,47.8,A
08LB047,1,2010/04/06,50.4,A
08LB047,1,2010/04/07,49.7,A
08LB047,1,2010/04/08,48.9,A
08LB047,1,2010/04/09,50,A
08LB047,1,2010/04/10,50.4,A
08LB047,1,2010/04/11,47.8,A
08LB047,1,2010/04/12,46.8,A
08LB047,1,2010/04/13,46.4,A
08LB047,1,2010/04/14,46.8,A
08LB047,1,2010/04/15,51,A
08LB047,1,2010/04/16,49.9,A
08LB047,1,2010/04/17,59.6,A
08LB047,1,2010/04/18,76.2,A
08LB047,1,2010/04/19,111,A
08LB047,1,2010/04/20,154,A
08LB047,1,2010/04/21,188,A
08LB047,1,2010/04/22,249,A
08LB047,1,2010/04/23,233,A
08LB047,1,2010/04/24,199,A
08LB047,1,2010/04/25,164,A
08LB047,1,2010/04/26,152,A
08LB047,1,2010/04/27,145,A
08LB047,1,2010/04/28,141,A
08LB047,1,2010/04/29,150,A
08LB047,1,2010/04/30,158,A
08LB047,1,2010/05/01,158,A
08LB047,1,2010/05/02,156,A
08LB047,1,2010/05/03,152,A
08LB047,1,2010/05/04,145,A
08LB047,1,2010/05/05,131,A
08LB047,1,2010/05/06,123,A
08LB047,1,2010/05/07,111,A
08LB047,1,2010/05/08,107,A
08LB047,1,2010/05/09,101,A
08LB047,1,2010/05/10,97.9,A
08LB047,1,2010/05/11,97.9,A
08LB047,1,2010/05/12,108,A
08LB047,1,2010/05/13,127,
08LB047,1,2010/05/14,162,
08LB047,1,2010/05/15,202,A
08LB047,1,2010/05/16,257,A
08LB047,1,2010/05/17,330,A
08LB047,1,2010/05/18,406,A
08LB047,1,2010/05/19,535,A
08LB047,1,2010/05/20,560,A
08LB047,1,2010/05/21,440,
08LB047,1,2010/05/22,338,
08LB047,1,2010/05/23,275,
08LB047,1,2010/05/24,240,
08LB047,1,2010/05/25,224,
08LB047,1,2010/05/26,224,
08LB047,1,2010/05/27,243,
08LB047,1,2010/05/28,288,
08LB047,1,2010/05/29,334,
08LB047,1,2010/05/30,330,
08LB047,1,2010/05/31,292,
08LB047,1,2010/06/01,284,
08LB047,1,2010/06/02,337,
08LB047,1,2010/06/03,408,
08LB047,1,2010/06/04,430,
08LB047,1,2010/06/05,367,
08LB047,1,2010/06/06,338,
08LB047,1,2010/06/07,338,
08LB047,1,2010/06/08,357,
08LB047,1,2010/06/09,359,
08LB047,1,2010/06/10,362,
08LB047,1,2010/06/11,370,
08LB047,1,2010/06/12,384,
08LB047,1,2010/06/13,422,
08LB047,1,2010/06/14,463,
08LB047,1,2010/06/15,455,
08LB047,1,2010/06/16,378,
08LB047,1,2010/06/17,341,
08LB047,1,2010/06/18,350,
08LB047,1,2010/06/19,371,
08LB047,1,2010/06/20,391,
08LB047,1,2010/06/21,419,
08LB047,1,2010/06/22,436,
08LB047,1,2010/06/23,452,
08LB047,1,2010/06/24,489,
08LB047,1,2010/06/25,552,
08LB047,1,2010/06/26,542,
08LB047,1,2010/06/27,472,
08LB047,1,2010/06/28,438,
08LB047,1,2010/06/29,438,
08LB047,1,2010/06/30,420,
08LB047,1,2010/07/01,379,
08LB047,1,2010/07/02,308,
08LB047,1,2010/07/03,264,
08LB047,1,2010/07/04,252,
08LB047,1,2010/07/05,296,
08LB047,1,2010/07/06,290,
08LB047,1,2010/07/07,274,
08LB047,1,2010/07/08,299,
08LB047,1,2010/07/09,353,
08LB047,1,2010/07/10,392,
08LB047,1,2010/07/11,399,
08LB047,1,2010/07/12,399,
08LB047,1,2010/07/13,406,
08LB047,1,2010/07/14,319,
08LB047,1,2010/07/15,265,
08LB047,1,2010/07/16,295,
08LB047,1,2010/07/17,310,
08LB047,1,2010/07/18,283,
08LB047,1,2010/07/19,275,
08LB047,1,2010/07/20,270,
08LB047,1,2010/07/21,253,
08LB047,1,2010/07/22,256,
08LB047,1,2010/07/23,301,
08LB047,1,2010/07/24,296,
08LB047,1,2010/07/25,281,
08LB047,1,2010/07/26,272,
08LB047,1,2010/07/27,258,
08LB047,1,2010/07/28,256,
08LB047,1,2010/07/29,275,
08LB047,1,2010/07/30,271,
08LB047,1,2010/07/31,254,
08LB047,1,2010/08/01,241,
08LB047,1,2010/08/02,238,
08LB047,1,2010/08/03,233,
08LB047,1,2010/08/04,225,
08LB047,1,2010/08/05,218,
08LB047,1,2010/08/06,216,
08LB047,1,2010/08/07,219,
08LB047,1,2010/08/08,256,
08LB047,1,2010/08/09,256,
08LB047,1,2010/08/10,262,
08LB047,1,2010/08/11,236,
08LB047,1,2010/08/12,219,
08LB047,1,2010/08/13,209,
08LB047,1,2010/08/14,194,
08LB047,1,2010/08/15,184,
08LB047,1,2010/08/16,181,
08LB047,1,2010/08/17,185,
08LB047,1,2010/08/18,191,
08LB047,1,2010/08/19,196,
08LB047,1,2010/08/20,188,
08LB047,1,2010/08/21,153,
08LB047,1,2010/08/22,134,
08LB047,1,2010/08/23,133,
08LB047,1,2010/08/24,119,
08LB047,1,2010/08/25,111,
08LB047,1,2010/08/26,130,
08LB047,1,2010/08/27,178,
08LB047,1,2010/08/28,177,
08LB047,1,2010/08/29,135,
08LB047,1,2010/08/30,116,
08LB047,1,2010/08/31,107,
08LB047,1,2010/09/01,111,
08LB047,1,2010/09/02,130,
08LB047,1,2010/09/03,114,
08LB047,1,2010/09/04,104,
08LB047,1,2010/09/05,112,
08LB047,1,2010/09/06,103,
08LB047,1,2010/09/07,94.1,
08LB047,1,2010/09/08,89.2,
08LB047,1,2010/09/09,85.3,
08LB047,1,2010/09/10,84.8,
08LB047,1,2010/09/11,93.9,
08LB047,1,2010/09/12,115,
08LB047,1,2010/09/13,125,
08LB047,1,2010/09/14,113,
08LB047,1,2010/09/15,99.6,
08LB047,1,2010/09/16,102,
08LB047,1,2010/09/17,118,
08LB047,1,2010/09/18,107,
08LB047,1,2010/09/19,97.6,
08LB047,1,2010/09/20,133,
08LB047,1,2010/09/21,234,
08LB047,1,2010/09/22,190,
08LB047,1,2010/09/23,146,
08LB047,1,2010/09/24,125,
08LB047,1,2010/09/25,126,
08LB047,1,2010/09/26,146,
08LB047,1,2010/09/27,248,
08LB047,1,2010/09/28,269,
08LB047,1,2010/09/29,447,
08LB047,1,2010/09/30,308,
08LB047,1,2010/10/01,222,
08LB047,1,2010/10/02,183,
08LB047,1,2010/10/03,165,
08LB047,1,2010/10/04,153,
08LB047,1,2010/10/05,144,
08LB047,1,2010/10/06,126,
08LB047,1,2010/10/07,112,
08LB047,1,2010/10/08,107,
08LB047,1,2010/10/09,105,
08LB047,1,2010/10/10,113,
08LB047,1,2010/10/11,152,
08LB047,1,2010/10/12,137,
08LB047,1,2010/10/13,112,
08LB047,1,2010/10/14,101,
08LB047,1,2010/10/15,95.2,
08LB047,1,2010/10/16,94,
08LB047,1,2010/10/17,86.3,
08LB047,1,2010/10/18,80,
08LB047,1,2010/10/19,76.3,
08LB047,1,2010/10/20,74.7,
08LB047,1,2010/10/21,73.5,
08LB047,1,2010/10/22,72.1,
08LB047,1,2010/10/23,72.3,
08LB047,1,2010/10/24,74.2,
08LB047,1,2010/10/25,74,
08LB047,1,2010/10/26,73.9,
08LB047,1,2010/10/27,73.1,
08LB047,1,2010/10/28,71.1,
08LB047,1,2010/10/29,70.3,
08LB047,1,2010/10/30,69.1,
08LB047,1,2010/10/31,67.4,
08LB047,1,2010/11/01,67,
08LB047,1,2010/11/02,70.8,
08LB047,1,2010/11/03,73.7,
08LB047,1,2010/11/04,71.9,
08LB047,1,2010/11/05,69.5,
08LB047,1,2010/11/06,88.6,A
08LB047,1,2010/11/07,90.6,A
08LB047,1,2010/11/08,96.1,A
08LB047,1,2010/11/09,92.2,A
08LB047,1,2010/11/10,84.4,A
08LB047,1,2010/11/11,77.2,A
08LB047,1,2010/11/12,74.2,A
08LB047,1,2010/11/13,71.4,A
08LB047,1,2010/11/14,68.9,A
08LB047,1,2010/11/15,68.1,A
08LB047,1,2010/11/16,71.2,A
08LB047,1,2010/11/17,68.5,A
08LB047,1,2010/11/18,65.5,
08LB047,1,2010/11/19,57.2,
08LB047,1,2010/11/20,52.4,
08LB047,1,2010/11/21,47.5,
08LB047,1,2010/11/22,46.6,
08LB047,1,2010/11/23,45,B
08LB047,1,2010/11/24,42,B
08LB047,1,2010/11/25,40,B
08LB047,1,2010/11/26,37,B
08LB047,1,2010/11/27,36.5,B
08LB047,1,2010/11/28,37,B
08LB047,1,2010/11/29,37.5,B
08LB047,1,2010/11/30,38,B
08LB047,1,2010/12/01,38,B
08LB047,1,2010/12/02,38.5,B
08LB047,1,2010/12/03,38.8,B
08LB047,1,2010/12/04,39,B
08LB047,1,2010/12/05,39.5,B
08LB047,1,2010/12/06,40,B
08LB047,1,2010/12/07,40,B
08LB047,1,2010/12/08,40.2,B
08LB047,1,2010/12/09,40,B
08LB047,1,2010/12/10,39.8,B
08LB047,1,2010/12/11,39.5,B
08LB047,1,2010/12/12,39.8,B
08LB047,1,2010/12/13,39,B
08LB047,1,2010/12/14,38.5,B
08LB047,1,2010/12/15,38,B
08LB047,1,2010/12/16,37.5,B
08LB047,1,2010/12/17,36.5,B
08LB047,1,2010/12/18,36,B
08LB047,1,2010/12/19,35,B
08LB047,1,2010/12/20,34.5,B
08LB047,1,2010/12/21,34,B
08LB047,1,2010/12/22,33,B
08LB047,1,2010/12/23,32.5,B
08LB047,1,2010/12/24,32,B
08LB047,1,2010/12/25,32.3,B
08LB047,1,2010/12/26,32.5,B
08LB047,1,2010/12/27,32,B
08LB047,1,2010/12/28,31.8,B
08LB047,1,2010/12/29,32,B
08LB047,1,2010/12/30,31.8,B
08LB047,1,2010/12/31,31.5,B